[
  {"model": "core.userrole", "pk": 1, "fields": {"name": "Admin"}},
  {"model": "core.userrole", "pk": 2, "fields": {"name": "ShopOwner"}},
  {"model": "core.userrole", "pk": 3, "fields": {"name": "Customer"}},

  {"model": "core.status", "pk": 1, "fields": {"name": "Pending"}},
  {"model": "core.status", "pk": 2, "fields": {"name": "Active"}},
  {"model": "core.status", "pk": 3, "fields": {"name": "Inactive"}},
  {"model": "core.status", "pk": 4, "fields": {"name": "Suspended"}},
  {"model": "core.status", "pk": 5, "fields": {"name": "Published"}},
  {"model": "core.status", "pk": 6, "fields": {"name": "Hidden"}},
  {"model": "core.status", "pk": 7, "fields": {"name": "Flagged"}},

  {"model": "core.district", "pk": 1,  "fields": {"name": "Alappuzha"}},
  {"model": "core.district", "pk": 2,  "fields": {"name": "Ernakulam"}},
  {"model": "core.district", "pk": 3,  "fields": {"name": "Idukki"}},
  {"model": "core.district", "pk": 4,  "fields": {"name": "Kannur"}},
  {"model": "core.district", "pk": 5,  "fields": {"name": "Kasaragod"}},
  {"model": "core.district", "pk": 6,  "fields": {"name": "Kollam"}},
  {"model": "core.district", "pk": 7,  "fields": {"name": "Kottayam"}},
  {"model": "core.district", "pk": 8,  "fields": {"name": "Kozhikode"}},
  {"model": "core.district", "pk": 9,  "fields": {"name": "Malappuram"}},
  {"model": "core.district", "pk": 10, "fields": {"name": "Palakkad"}},
  {"model": "core.district", "pk": 11, "fields": {"name": "Pathanamthitta"}},
  {"model": "core.district", "pk": 12, "fields": {"name": "Thiruvananthapuram"}},
  {"model": "core.district", "pk": 13, "fields": {"name": "Thrissur"}},
  {"model": "core.district", "pk": 14, "fields": {"name": "Wayanad"}},

  {"model": "core.shopcategory", "pk": 1, "fields": {"name": "Licensed Toddy Shop"}},
  {"model": "core.shopcategory", "pk": 2, "fields": {"name": "Toddy Bar"}},
  {"model": "core.shopcategory", "pk": 3, "fields": {"name": "Beach Shack"}},
  {"model": "core.shopcategory", "pk": 4, "fields": {"name": "Riverside Toddy Shop"}},
  {"model": "core.shopcategory", "pk": 5, "fields": {"name": "Village Toddy Shop"}},

  {"model": "core.foodcategory", "pk": 1, "fields": {"name": "Toddy"}},
  {"model": "core.foodcategory", "pk": 2, "fields": {"name": "Seafood"}},
  {"model": "core.foodcategory", "pk": 3, "fields": {"name": "Kerala Cuisine"}},
  {"model": "core.foodcategory", "pk": 4, "fields": {"name": "Snacks & Sides"}},
  {"model": "core.foodcategory", "pk": 5, "fields": {"name": "Non-Alcoholic Beverages"}},
  {"model": "core.foodcategory", "pk": 6, "fields": {"name": "Fish"}},
  {"model": "core.foodcategory", "pk": 7, "fields": {"name": "Egg"}},
  {"model": "core.foodcategory", "pk": 8, "fields": {"name": "Beef"}},
  {"model": "core.foodcategory", "pk": 9, "fields": {"name": "Pork"}},
  {"model": "core.foodcategory", "pk": 10, "fields": {"name": "Mutton"}},
  {"model": "core.foodcategory", "pk": 11, "fields": {"name": "Vegetarian"}},

  {"model": "core.fooditem", "pk": 1,  "fields": {"name": "Fresh Toddy",        "food_category": 1}},
  {"model": "core.fooditem", "pk": 2,  "fields": {"name": "Aged Toddy",         "food_category": 1}},
  {"model": "core.fooditem", "pk": 3,  "fields": {"name": "Karimeen Fry",       "food_category": 2}},
  {"model": "core.fooditem", "pk": 4,  "fields": {"name": "Prawn Curry",        "food_category": 2}},
  {"model": "core.fooditem", "pk": 5,  "fields": {"name": "Fish Curry",         "food_category": 2}},
  {"model": "core.fooditem", "pk": 6,  "fields": {"name": "Squid Fry",          "food_category": 2}},
  {"model": "core.fooditem", "pk": 7,  "fields": {"name": "Crab Masala",        "food_category": 2}},
  {"model": "core.fooditem", "pk": 8,  "fields": {"name": "Kappa (Tapioca)",    "food_category": 3}},
  {"model": "core.fooditem", "pk": 9,  "fields": {"name": "Beef Fry",           "food_category": 3}},
  {"model": "core.fooditem", "pk": 10, "fields": {"name": "Chicken Curry",      "food_category": 3}},
  {"model": "core.fooditem", "pk": 11, "fields": {"name": "Puttu & Kadala",     "food_category": 3}},
  {"model": "core.fooditem", "pk": 12, "fields": {"name": "Fish Molly",         "food_category": 3}},
  {"model": "core.fooditem", "pk": 13, "fields": {"name": "Banana Chips",       "food_category": 4}},
  {"model": "core.fooditem", "pk": 14, "fields": {"name": "Pappadam",           "food_category": 4}},
  {"model": "core.fooditem", "pk": 15, "fields": {"name": "Pickle (Achar)",     "food_category": 4}},
  {"model": "core.fooditem", "pk": 16, "fields": {"name": "Tender Coconut",     "food_category": 5}},
  {"model": "core.fooditem", "pk": 17, "fields": {"name": "Lime Soda",          "food_category": 5}},
  {"model": "core.fooditem", "pk": 18, "fields": {"name": "Buttermilk (Moru)",  "food_category": 5}},

  {"model": "core.facility", "pk": 1,  "fields": {"name": "Parking"}},
  {"model": "core.facility", "pk": 2,  "fields": {"name": "Seating"}},
  {"model": "core.facility", "pk": 3,  "fields": {"name": "Washrooms"}},
  {"model": "core.facility", "pk": 4,  "fields": {"name": "Outdoor Seating"}},
  {"model": "core.facility", "pk": 5,  "fields": {"name": "Air Conditioning"}},
  {"model": "core.facility", "pk": 6,  "fields": {"name": "Wi-Fi"}},
  {"model": "core.facility", "pk": 7,  "fields": {"name": "Home Delivery"}},
  {"model": "core.facility", "pk": 8,  "fields": {"name": "Takeaway"}},
  {"model": "core.facility", "pk": 9,  "fields": {"name": "Waterfront View"}},
  {"model": "core.facility", "pk": 10, "fields": {"name": "Car Parking"}},
  {"model": "core.facility", "pk": 11, "fields": {"name": "Bike Parking"}},
  {"model": "core.facility", "pk": 12, "fields": {"name": "Landmark Nearby"}},
  {"model": "core.facility", "pk": 13, "fields": {"name": "Good Road Access"}},

  {"model": "core.hygienetag", "pk": 1, "fields": {"name": "FSSAI Certified"}},
  {"model": "core.hygienetag", "pk": 2, "fields": {"name": "Clean Kitchen"}},
  {"model": "core.hygienetag", "pk": 3, "fields": {"name": "Safe Drinking Water"}},
  {"model": "core.hygienetag", "pk": 4, "fields": {"name": "Handwash Stations"}},
  {"model": "core.hygienetag", "pk": 5, "fields": {"name": "Regular Pest Control"}},
  {"model": "core.hygienetag", "pk": 6, "fields": {"name": "Food Safety Trained Staff"}},

  {"model": "core.ratingtype", "pk": 1, "fields": {"name": "Overall Experience"}},
  {"model": "core.ratingtype", "pk": 2, "fields": {"name": "Food Quality"}},
  {"model": "core.ratingtype", "pk": 3, "fields": {"name": "Service Quality"}},
  {"model": "core.ratingtype", "pk": 4, "fields": {"name": "Ambiance"}},
  {"model": "core.ratingtype", "pk": 5, "fields": {"name": "Value for Money"}},
  {"model": "core.ratingtype", "pk": 6, "fields": {"name": "Cleanliness & Hygiene"}},

  {"model": "core.mediatype", "pk": 1, "fields": {"name": "Image"}},
  {"model": "core.mediatype", "pk": 2, "fields": {"name": "Video"}},

  {"model": "core.licensetype", "pk": 1, "fields": {"name": "FL-1 (Retail Sale of IMFL)"}},
  {"model": "core.licensetype", "pk": 2, "fields": {"name": "FL-9 (Toddy Shop)"}},
  {"model": "core.licensetype", "pk": 3, "fields": {"name": "Excise License"}},
  {"model": "core.licensetype", "pk": 4, "fields": {"name": "FSSAI License"}},

  {"model": "core.reviewcategory", "pk": 1, "fields": {"name": "Food & Drinks"}},
  {"model": "core.reviewcategory", "pk": 2, "fields": {"name": "Service"}},
  {"model": "core.reviewcategory", "pk": 3, "fields": {"name": "Atmosphere"}},
  {"model": "core.reviewcategory", "pk": 4, "fields": {"name": "Value for Money"}},
  {"model": "core.reviewcategory", "pk": 5, "fields": {"name": "Cleanliness"}}
]
